intern_id,name,gender,department,city,task_completion_rate,avg_completion_time,feedback_rating,attendance_rate,tasks_assigned,tasks_completed,communication_score,initiative_score,late_submissions,trainings_attended,mentor_rating,performance_score,performance_label
INT-001,Intern_1,Male,Sales,Karachi,91.33,8.65,2.57,60.74,26,26,3.13,2.9,1,8,2.43,40.59,Needs Improvement
INT-002,Intern_2,Female,Sales,Karachi,82.22,3.23,4.27,96.57,49,37,1.5,2.53,9,3,2.98,54.59,Needs Improvement
INT-003,Intern_3,Male,Engineering,Peshawar,68.45,5.05,2.76,64.71,41,17,1.53,1.48,0,7,4.31,36.58,Needs Improvement
INT-004,Intern_4,Male,HR,Islamabad,45.87,2.16,2.51,83.06,38,30,1.57,4.9,7,8,2.34,40.66,Needs Improvement
INT-005,Intern_5,Male,Operations,Islamabad,69.5,9.59,2.85,70.96,12,12,4.76,1.08,1,3,1.7,36.0,Needs Improvement
INT-006,Intern_6,Female,HR,Multan,68.41,6.46,2.21,82.17,49,43,3.93,3.95,6,4,3.85,42.64,Needs Improvement
INT-007,Intern_7,Male,Design,Faisalabad,50.39,3.06,3.99,86.06,43,6,1.65,4.07,8,7,4.3,44.26,Needs Improvement
INT-008,Intern_8,Male,Operations,Multan,66.03,7.05,3.01,93.19,49,42,1.75,1.97,8,9,1.4,39.99,Needs Improvement
INT-009,Intern_9,Male,Sales,Multan,63.91,6.56,1.93,68.26,36,36,3.92,3.69,7,5,1.96,37.38,Needs Improvement
INT-010,Intern_10,Female,Sales,Multan,76.95,4.22,4.6,60.44,22,22,1.62,1.37,9,6,1.57,44.14,Needs Improvement
INT-011,Intern_11,Male,Operations,Multan,78.11,2.02,2.54,65.48,42,19,1.94,2.03,8,2,2.39,44.79,Needs Improvement
INT-012,Intern_12,Male,Sales,Multan,42.72,7.04,3.17,96.0,15,15,4.85,4.15,1,6,2.8,40.81,Needs Improvement
INT-013,Intern_13,Male,Finance,Quetta,62.48,5.68,4.63,94.96,33,33,2.02,4.46,5,7,4.0,48.28,Needs Improvement
INT-014,Intern_14,Male,Operations,Islamabad,77.55,7.95,3.5,83.9,28,28,3.65,3.43,3,9,3.6,45.78,Needs Improvement
INT-015,Intern_15,Female,HR,Multan,70.19,5.68,1.47,84.02,25,25,4.91,3.03,3,5,3.48,43.41,Needs Improvement
INT-016,Intern_16,Male,Operations,Islamabad,91.39,8.67,4.76,86.6,49,15,2.5,1.64,4,9,2.41,49.02,Needs Improvement
INT-017,Intern_17,Female,Sales,Islamabad,79.52,5.97,3.51,67.01,37,7,1.07,1.25,2,8,4.37,39.93,Needs Improvement
INT-018,Intern_18,Female,Finance,Lahore,49.78,6.05,2.34,96.58,42,10,1.98,1.47,0,5,2.89,35.47,Needs Improvement
INT-019,Intern_19,Female,Finance,Quetta,44.23,8.89,1.56,76.75,22,13,4.32,1.91,7,8,4.92,27.57,Needs Improvement
INT-020,Intern_20,Male,Design,Multan,78.55,4.63,4.18,75.33,34,10,4.46,2.37,4,3,3.54,51.2,Needs Improvement
INT-021,Intern_21,Female,HR,Karachi,41.59,2.21,3.48,80.76,45,13,4.07,2.52,2,7,1.51,42.64,Needs Improvement
INT-022,Intern_22,Male,Marketing,Peshawar,75.15,1.26,3.13,61.88,36,36,1.45,2.39,9,3,3.7,45.42,Needs Improvement
INT-023,Intern_23,Female,Marketing,Faisalabad,96.41,7.8,4.58,66.65,47,35,4.18,1.96,6,1,2.3,50.23,Needs Improvement
INT-024,Intern_24,Female,Operations,Karachi,74.53,6.58,4.15,89.52,16,16,4.67,3.04,6,9,3.75,50.81,Needs Improvement
INT-025,Intern_25,Female,Design,Quetta,63.29,7.34,1.61,63.31,14,14,3.4,4.3,0,8,1.28,34.06,Needs Improvement
INT-026,Intern_26,Female,Engineering,Peshawar,78.6,2.92,2.25,84.13,40,16,4.76,2.12,8,4,1.7,50.91,Needs Improvement
INT-027,Intern_27,Female,Operations,Quetta,67.5,2.23,1.99,69.81,32,12,4.31,4.77,1,3,4.42,47.08,Needs Improvement
INT-028,Intern_28,Female,Design,Islamabad,72.74,1.13,3.98,75.57,19,12,3.67,4.49,4,1,1.91,55.19,Average
INT-029,Intern_29,Female,HR,Peshawar,96.49,4.16,1.13,71.55,41,32,3.31,1.65,4,0,4.35,46.46,Needs Improvement
INT-030,Intern_30,Female,HR,Islamabad,63.17,6.31,3.28,74.23,39,24,2.39,4.15,7,6,2.12,40.27,Needs Improvement
INT-031,Intern_31,Male,HR,Karachi,97.67,4.53,4.05,88.76,48,11,1.64,3.3,7,5,3.57,56.14,Average
INT-032,Intern_32,Male,HR,Karachi,94.32,4.94,4.51,71.88,40,15,3.42,3.27,6,1,3.78,54.94,Needs Improvement
INT-033,Intern_33,Female,HR,Peshawar,51.75,9.14,2.37,82.66,27,24,2.27,2.56,6,7,3.05,30.24,Needs Improvement
INT-034,Intern_34,Female,Design,Peshawar,44.16,4.13,4.29,79.04,45,20,4.47,3.0,5,3,2.22,43.29,Needs Improvement
INT-035,Intern_35,Female,Design,Multan,46.05,5.63,1.44,86.55,11,8,4.97,2.59,5,7,1.85,36.32,Needs Improvement
INT-036,Intern_36,Male,Finance,Quetta,41.09,8.05,4.39,97.47,23,10,4.01,3.16,8,6,1.13,39.9,Needs Improvement
INT-037,Intern_37,Female,Marketing,Multan,45.67,4.57,1.51,89.3,22,22,1.36,3.51,5,4,2.22,34.03,Needs Improvement
INT-038,Intern_38,Male,Sales,Quetta,80.98,6.6,2.59,68.6,38,30,2.15,3.7,1,9,3.61,41.51,Needs Improvement
INT-039,Intern_39,Male,HR,Multan,44.27,8.76,4.19,61.25,21,7,1.44,3.13,1,9,4.75,28.16,Needs Improvement
INT-040,Intern_40,Male,Engineering,Islamabad,59.14,9.55,1.6,70.49,48,45,3.6,3.89,4,7,4.48,30.8,Needs Improvement
INT-041,Intern_41,Male,Sales,Peshawar,90.69,2.32,1.92,83.8,11,11,4.06,1.57,3,8,4.06,52.95,Needs Improvement
INT-042,Intern_42,Male,Design,Karachi,41.4,9.34,3.89,62.06,41,18,4.7,1.85,1,4,4.15,29.45,Needs Improvement
INT-043,Intern_43,Female,Engineering,Quetta,88.87,5.43,3.88,79.85,22,15,2.75,4.27,2,9,3.66,52.58,Needs Improvement
INT-044,Intern_44,Female,Engineering,Quetta,56.91,3.32,3.56,83.87,36,22,4.61,2.29,6,4,2.04,46.97,Needs Improvement
INT-045,Intern_45,Female,Engineering,Karachi,47.09,5.13,3.78,73.37,26,16,4.51,1.09,7,1,4.63,38.41,Needs Improvement
INT-046,Intern_46,Female,Finance,Multan,81.8,9.82,3.17,90.84,49,27,2.27,1.62,5,4,3.68,40.93,Needs Improvement
INT-047,Intern_47,Female,Design,Quetta,77.74,5.43,2.01,64.26,40,16,4.48,1.89,4,2,3.24,41.66,Needs Improvement
INT-048,Intern_48,Male,Engineering,Faisalabad,92.65,3.96,2.38,63.01,43,17,2.5,4.83,0,6,1.44,48.99,Needs Improvement
INT-049,Intern_49,Female,HR,Islamabad,84.1,6.7,1.73,89.13,33,29,2.19,3.29,7,9,2.79,43.91,Needs Improvement
INT-050,Intern_50,Female,Operations,Peshawar,88.21,3.16,4.63,79.82,44,44,3.6,4.73,2,4,2.84,59.39,Average
INT-051,Intern_51,Male,Engineering,Karachi,56.92,1.68,3.33,87.54,15,15,2.31,3.3,5,7,4.46,47.15,Needs Improvement
INT-052,Intern_52,Female,Finance,Peshawar,50.65,2.16,2.6,77.39,28,28,3.52,2.92,2,0,3.19,42.13,Needs Improvement
INT-053,Intern_53,Male,Sales,Faisalabad,85.04,2.15,2.85,69.86,39,39,3.44,2.25,6,2,2.52,50.79,Needs Improvement
INT-054,Intern_54,Female,Design,Quetta,88.41,2.37,4.79,92.76,16,12,3.25,3.43,6,2,4.91,61.8,Average
INT-055,Intern_55,Male,Finance,Quetta,99.43,2.25,1.61,91.98,19,19,2.52,1.56,8,8,1.44,54.22,Needs Improvement
INT-056,Intern_56,Female,Engineering,Faisalabad,64.76,6.77,3.34,87.79,41,36,3.19,4.59,4,4,2.69,44.56,Needs Improvement
INT-057,Intern_57,Female,Design,Karachi,62.32,2.64,3.02,70.89,43,43,3.39,4.32,7,8,1.17,45.87,Needs Improvement
INT-058,Intern_58,Male,Operations,Islamabad,86.58,4.11,3.45,83.61,37,22,3.18,2.27,9,8,3.96,52.2,Needs Improvement
INT-059,Intern_59,Male,Engineering,Lahore,60.45,9.07,1.07,74.44,24,10,2.78,4.81,9,0,4.67,31.07,Needs Improvement
INT-060,Intern_60,Male,Finance,Karachi,95.85,5.27,4.49,63.66,39,22,1.06,4.3,7,1,2.12,50.7,Needs Improvement
INT-061,Intern_61,Male,Marketing,Lahore,91.5,7.01,4.73,96.69,46,23,3.35,3.67,0,4,4.43,56.79,Average
INT-062,Intern_62,Male,HR,Faisalabad,65.74,2.55,3.26,65.47,38,26,1.67,1.49,4,3,2.17,41.14,Needs Improvement
INT-063,Intern_63,Male,Sales,Multan,85.05,2.73,3.79,98.01,31,31,3.57,2.91,2,9,4.64,58.76,Average
INT-064,Intern_64,Male,Finance,Lahore,85.27,1.37,4.69,77.84,13,13,4.04,3.02,0,8,4.02,59.9,Average
INT-065,Intern_65,Male,Design,Islamabad,46.19,2.52,3.83,67.41,29,29,3.0,1.93,3,6,4.22,39.56,Needs Improvement
INT-066,Intern_66,Female,Engineering,Multan,94.15,3.51,1.61,81.68,41,7,3.17,1.32,7,5,1.07,49.42,Needs Improvement
INT-067,Intern_67,Female,HR,Lahore,70.32,2.59,3.31,94.92,45,32,4.81,4.11,2,6,4.85,55.79,Average
INT-068,Intern_68,Male,Engineering,Faisalabad,89.59,1.8,3.43,89.29,13,13,4.39,1.49,9,0,3.91,58.68,Average
INT-069,Intern_69,Female,Design,Multan,59.2,2.09,2.7,92.26,36,36,4.66,3.38,1,0,2.22,50.2,Needs Improvement
INT-070,Intern_70,Female,Engineering,Faisalabad,93.73,5.15,3.95,86.35,26,26,4.26,4.75,8,7,4.32,58.68,Average
INT-071,Intern_71,Female,Marketing,Lahore,63.35,2.86,4.74,87.69,21,19,1.44,4.5,9,1,2.13,50.76,Needs Improvement
INT-072,Intern_72,Female,HR,Faisalabad,40.65,4.28,4.7,93.97,31,31,1.6,2.11,4,9,4.49,40.83,Needs Improvement
INT-073,Intern_73,Male,HR,Islamabad,94.32,5.53,2.8,69.99,26,11,3.11,4.41,6,8,1.45,50.07,Needs Improvement
INT-074,Intern_74,Female,Design,Lahore,45.48,7.21,1.45,79.58,19,16,1.98,1.0,1,6,3.81,26.34,Needs Improvement
INT-075,Intern_75,Male,Sales,Lahore,59.16,1.35,4.94,68.85,10,10,2.91,1.07,8,5,3.16,47.28,Needs Improvement
INT-076,Intern_76,Female,Marketing,Lahore,97.0,8.19,4.36,99.51,31,25,2.58,3.41,8,0,1.39,54.9,Needs Improvement
INT-077,Intern_77,Female,Finance,Karachi,97.04,6.65,1.5,97.76,35,35,3.2,2.46,3,0,1.97,49.7,Needs Improvement
INT-078,Intern_78,Female,Engineering,Karachi,74.41,1.74,4.68,61.58,27,27,3.99,2.55,3,1,1.05,52.26,Needs Improvement
INT-079,Intern_79,Male,Operations,Karachi,77.91,8.86,4.48,88.22,23,23,3.86,3.26,5,5,2.88,47.98,Needs Improvement
INT-080,Intern_80,Female,Engineering,Islamabad,66.91,9.29,3.08,97.01,38,38,3.08,1.77,9,5,2.21,39.63,Needs Improvement
INT-081,Intern_81,Male,Engineering,Multan,57.59,1.55,3.37,67.22,21,8,4.29,1.85,9,1,3.39,45.11,Needs Improvement
INT-082,Intern_82,Female,Finance,Faisalabad,59.72,3.49,2.6,82.72,45,32,2.72,2.94,9,0,2.19,42.74,Needs Improvement
INT-083,Intern_83,Male,Engineering,Quetta,80.35,8.26,1.22,96.62,44,44,4.59,4.02,5,9,2.2,44.99,Needs Improvement
INT-084,Intern_84,Female,Marketing,Lahore,85.14,7.73,2.34,61.36,21,21,1.29,3.48,0,4,3.97,37.48,Needs Improvement
INT-085,Intern_85,Male,Marketing,Faisalabad,87.49,2.66,4.21,87.9,16,16,4.82,2.19,8,4,1.19,59.78,Average
INT-086,Intern_86,Male,HR,Lahore,87.38,2.88,1.02,71.89,38,36,3.62,2.72,1,1,4.61,46.97,Needs Improvement
INT-087,Intern_87,Female,Design,Islamabad,45.47,4.33,2.33,96.98,20,20,2.52,1.68,4,5,4.41,37.83,Needs Improvement
INT-088,Intern_88,Male,Sales,Lahore,69.67,5.36,2.59,98.84,42,40,1.79,1.3,8,8,3.67,43.09,Needs Improvement
INT-089,Intern_89,Female,Operations,Karachi,43.45,6.56,3.15,97.77,15,15,2.92,4.13,3,1,3.37,39.13,Needs Improvement
INT-090,Intern_90,Female,Engineering,Quetta,72.97,4.32,4.68,78.97,24,24,1.78,2.06,2,9,4.57,47.63,Needs Improvement
INT-091,Intern_91,Female,Engineering,Peshawar,66.49,5.16,2.39,94.48,41,6,1.67,1.71,6,1,1.74,41.29,Needs Improvement
INT-092,Intern_92,Female,Finance,Lahore,93.26,7.73,2.39,93.78,20,19,3.47,3.77,5,2,1.32,50.09,Needs Improvement
INT-093,Intern_93,Female,Design,Faisalabad,61.05,1.33,3.95,72.76,32,32,3.09,3.47,7,6,1.96,48.85,Needs Improvement
INT-094,Intern_94,Female,Marketing,Karachi,47.02,3.27,2.81,93.16,35,35,3.68,3.53,2,5,4.18,43.91,Needs Improvement
INT-095,Intern_95,Female,Operations,Peshawar,48.58,7.42,1.9,61.48,43,10,4.72,1.92,4,7,1.14,29.49,Needs Improvement
INT-096,Intern_96,Female,HR,Quetta,85.69,9.06,2.81,83.85,43,43,3.13,1.93,9,7,3.33,42.54,Needs Improvement
INT-097,Intern_97,Female,Marketing,Peshawar,77.09,5.61,1.56,69.2,38,38,3.32,1.88,3,5,4.98,39.31,Needs Improvement
INT-098,Intern_98,Female,Design,Karachi,46.07,5.79,1.71,64.82,13,13,1.36,1.7,3,9,4.42,26.12,Needs Improvement
INT-099,Intern_99,Female,Sales,Multan,45.05,1.96,2.99,63.08,26,7,3.87,3.62,3,2,3.09,40.09,Needs Improvement
INT-100,Intern_100,Male,HR,Multan,82.06,5.03,2.68,87.85,44,44,2.6,4.39,9,2,1.25,49.63,Needs Improvement
INT-101,Intern_101,Male,Sales,Peshawar,44.37,5.79,4.66,73.59,22,22,4.91,3.9,7,0,4.33,42.26,Needs Improvement
INT-102,Intern_102,Female,Finance,Islamabad,89.31,3.18,2.45,88.99,48,44,4.29,4.17,5,6,3.4,56.55,Average
INT-103,Intern_103,Female,Finance,Faisalabad,82.37,3.42,3.32,62.61,24,24,3.09,2.62,2,4,1.46,47.66,Needs Improvement
INT-104,Intern_104,Female,Engineering,Faisalabad,44.88,4.4,3.53,72.61,38,19,1.49,3.62,9,3,1.38,36.07,Needs Improvement
INT-105,Intern_105,Female,Sales,Peshawar,45.09,1.18,1.05,81.58,38,37,4.44,2.42,4,9,4.64,39.78,Needs Improvement
INT-106,Intern_106,Female,Design,Lahore,99.2,3.9,3.65,91.63,20,20,4.2,3.1,5,3,3.68,60.76,Average
INT-107,Intern_107,Female,Operations,Lahore,62.46,2.9,1.71,72.75,41,30,1.74,2.93,4,3,4.32,38.75,Needs Improvement
INT-108,Intern_108,Female,HR,Faisalabad,62.24,3.95,4.84,85.04,11,11,2.18,1.71,5,5,4.52,46.84,Needs Improvement
INT-109,Intern_109,Female,Marketing,Faisalabad,88.77,2.08,1.59,95.44,23,23,4.17,2.55,7,7,3.29,55.38,Average
INT-110,Intern_110,Male,Design,Multan,96.83,9.01,2.66,84.63,29,29,1.74,4.86,6,7,3.07,46.58,Needs Improvement
INT-111,Intern_111,Female,Design,Islamabad,99.16,6.34,1.34,69.32,31,27,4.67,1.99,4,4,2.72,46.45,Needs Improvement
INT-112,Intern_112,Male,Finance,Karachi,85.2,7.11,4.99,60.98,20,20,2.7,1.54,9,5,2.27,45.16,Needs Improvement
INT-113,Intern_113,Female,Sales,Lahore,62.58,8.1,3.01,94.8,36,36,1.35,2.67,5,3,2.74,37.8,Needs Improvement
INT-114,Intern_114,Female,Engineering,Faisalabad,45.01,5.49,3.38,60.85,12,12,4.26,4.16,3,8,4.1,36.44,Needs Improvement
INT-115,Intern_115,Male,Engineering,Multan,86.63,1.78,1.27,94.99,26,18,2.49,3.33,8,7,3.41,52.56,Needs Improvement
INT-116,Intern_116,Female,HR,Quetta,73.5,5.83,4.0,81.16,37,6,3.11,3.72,3,9,4.57,47.92,Needs Improvement
INT-117,Intern_117,Male,Finance,Multan,65.45,6.28,1.84,97.56,38,38,1.45,1.76,0,9,2.77,38.26,Needs Improvement
INT-118,Intern_118,Female,Design,Lahore,94.38,7.71,4.59,91.95,30,9,1.01,3.48,6,0,3.43,51.61,Needs Improvement
INT-119,Intern_119,Female,Operations,Lahore,46.67,4.88,1.82,99.92,25,25,3.55,2.29,6,1,3.53,38.83,Needs Improvement
INT-120,Intern_120,Male,Finance,Multan,69.56,2.15,1.76,74.03,46,46,3.06,4.34,3,8,3.37,45.78,Needs Improvement
INT-121,Intern_121,Female,HR,Karachi,40.68,3.55,1.15,90.69,29,29,3.37,3.52,2,7,3.81,36.47,Needs Improvement
INT-122,Intern_122,Male,HR,Peshawar,68.12,4.27,2.89,76.08,15,15,4.17,1.8,7,2,1.95,44.53,Needs Improvement
INT-123,Intern_123,Female,Finance,Lahore,43.38,6.81,3.26,79.2,28,28,3.59,1.26,4,7,3.05,33.43,Needs Improvement
INT-124,Intern_124,Male,HR,Multan,47.13,6.14,1.26,85.1,14,14,1.7,1.17,9,0,1.42,28.82,Needs Improvement
INT-125,Intern_125,Male,Finance,Faisalabad,47.05,4.2,4.1,94.95,12,12,2.44,2.49,6,9,2.54,43.2,Needs Improvement
INT-126,Intern_126,Female,Marketing,Multan,78.95,9.88,2.81,99.36,10,6,4.62,2.06,3,3,2.95,44.75,Needs Improvement
INT-127,Intern_127,Female,Finance,Islamabad,84.76,6.45,3.1,90.73,47,43,4.08,3.58,3,2,3.61,51.35,Needs Improvement
INT-128,Intern_128,Male,Sales,Peshawar,75.0,3.14,2.76,76.71,24,10,3.23,3.0,7,5,4.8,47.88,Needs Improvement
INT-129,Intern_129,Female,Finance,Quetta,97.73,1.92,2.6,76.85,43,21,2.02,2.06,7,6,3.4,53.4,Needs Improvement
INT-130,Intern_130,Female,HR,Karachi,62.49,2.38,3.24,89.5,44,29,2.21,1.6,1,3,3.97,46.09,Needs Improvement
INT-131,Intern_131,Female,Sales,Quetta,57.14,3.21,1.62,69.55,34,32,3.93,1.51,1,6,3.03,37.69,Needs Improvement
INT-132,Intern_132,Male,HR,Peshawar,92.12,2.45,1.73,64.42,33,6,4.4,4.46,2,8,3.54,52.23,Needs Improvement
INT-133,Intern_133,Male,Engineering,Peshawar,53.42,2.68,4.45,74.18,21,21,3.69,1.97,2,1,1.28,45.47,Needs Improvement
INT-134,Intern_134,Male,Engineering,Peshawar,97.79,3.57,4.78,71.49,27,27,4.24,3.61,0,2,2.02,60.2,Average
INT-135,Intern_135,Male,Sales,Quetta,40.73,2.56,2.49,71.85,24,9,4.07,4.24,2,4,2.45,39.32,Needs Improvement
INT-136,Intern_136,Male,Marketing,Faisalabad,98.19,9.07,2.08,69.34,25,5,1.6,3.46,5,2,2.89,40.78,Needs Improvement
INT-137,Intern_137,Male,Engineering,Peshawar,42.59,1.72,3.58,61.68,36,36,2.7,4.44,7,7,1.18,39.97,Needs Improvement
INT-138,Intern_138,Male,Finance,Multan,93.47,5.72,2.63,60.71,17,16,1.61,2.57,9,9,1.56,43.16,Needs Improvement
INT-139,Intern_139,Male,HR,Quetta,71.66,4.69,1.1,99.51,34,34,1.94,4.82,5,7,2.11,44.84,Needs Improvement
INT-140,Intern_140,Male,Engineering,Peshawar,99.58,9.84,1.62,77.11,26,26,4.48,1.53,4,7,4.89,42.84,Needs Improvement
INT-141,Intern_141,Female,Engineering,Multan,44.43,2.01,3.86,75.37,38,27,2.89,1.41,3,8,2.33,40.78,Needs Improvement
INT-142,Intern_142,Male,Marketing,Faisalabad,73.23,4.58,3.64,87.19,17,17,3.14,3.63,2,3,2.93,49.98,Needs Improvement
INT-143,Intern_143,Female,Sales,Islamabad,98.16,9.73,1.11,68.73,24,15,1.71,4.77,3,4,1.78,38.71,Needs Improvement
INT-144,Intern_144,Female,Sales,Faisalabad,71.39,8.79,1.89,98.0,36,14,2.25,4.24,6,4,3.44,40.17,Needs Improvement
INT-145,Intern_145,Female,Design,Peshawar,77.76,8.35,1.92,91.45,16,7,1.92,1.31,0,7,2.12,38.08,Needs Improvement
INT-146,Intern_146,Male,Marketing,Quetta,81.74,3.32,3.69,63.58,12,12,1.82,2.12,6,6,1.83,46.33,Needs Improvement
INT-147,Intern_147,Male,Finance,Lahore,67.27,2.54,1.08,76.7,38,20,3.55,4.72,0,8,3.07,44.46,Needs Improvement
INT-148,Intern_148,Male,Sales,Peshawar,77.65,7.02,1.42,95.16,33,14,2.03,2.01,1,7,1.02,40.4,Needs Improvement
INT-149,Intern_149,Male,HR,Lahore,75.06,9.36,4.2,97.79,12,12,3.53,4.12,3,1,1.03,47.95,Needs Improvement
INT-150,Intern_150,Female,Marketing,Multan,94.07,6.01,1.71,78.7,29,14,1.23,4.3,0,9,1.88,45.37,Needs Improvement
INT-151,Intern_151,Male,Engineering,Islamabad,42.73,6.14,3.61,84.54,24,16,1.57,2.98,8,3,1.15,34.88,Needs Improvement
INT-152,Intern_152,Male,HR,Karachi,56.86,3.52,1.95,66.68,34,34,2.1,2.55,5,5,1.43,35.69,Needs Improvement
INT-153,Intern_153,Male,HR,Faisalabad,97.02,7.93,1.4,99.65,39,39,3.39,2.8,0,1,2.36,48.53,Needs Improvement
INT-154,Intern_154,Male,Engineering,Islamabad,93.42,2.68,1.97,69.27,23,5,3.7,1.91,0,6,4.21,50.24,Needs Improvement
INT-155,Intern_155,Male,Marketing,Peshawar,67.34,3.91,3.89,97.71,16,9,2.77,4.56,5,2,3.29,52.32,Needs Improvement
INT-156,Intern_156,Female,Engineering,Lahore,77.21,4.83,4.42,85.99,26,24,2.78,2.8,3,2,3.05,51.14,Needs Improvement
INT-157,Intern_157,Male,Design,Faisalabad,56.64,5.57,4.32,84.31,29,12,3.9,4.53,3,1,2.17,46.68,Needs Improvement
INT-158,Intern_158,Female,HR,Lahore,51.29,3.18,2.59,80.51,45,45,1.06,1.42,5,7,4.73,36.2,Needs Improvement
INT-159,Intern_159,Male,Operations,Quetta,67.82,2.03,3.67,69.23,18,16,2.36,4.95,6,5,2.59,48.81,Needs Improvement
INT-160,Intern_160,Female,Operations,Lahore,61.2,6.5,1.82,67.06,47,5,4.27,2.77,8,0,1.35,35.75,Needs Improvement
INT-161,Intern_161,Male,Finance,Quetta,75.02,3.6,2.17,68.82,31,24,3.41,1.19,9,0,3.47,42.6,Needs Improvement
INT-162,Intern_162,Male,Sales,Multan,44.66,6.23,4.59,67.46,11,11,2.35,1.15,4,6,1.46,33.69,Needs Improvement
INT-163,Intern_163,Female,Engineering,Faisalabad,98.46,2.39,1.05,91.18,33,33,4.62,3.98,8,7,2.38,57.72,Average
INT-164,Intern_164,Female,Engineering,Faisalabad,99.17,5.33,1.34,74.01,17,17,4.09,3.64,3,4,3.03,49.68,Needs Improvement
INT-165,Intern_165,Female,Finance,Karachi,81.89,5.79,1.83,62.31,20,20,2.06,4.21,9,4,4.5,40.22,Needs Improvement
INT-166,Intern_166,Male,Finance,Peshawar,72.17,1.47,1.11,98.76,22,16,3.58,1.42,1,3,2.97,48.76,Needs Improvement
INT-167,Intern_167,Female,Finance,Quetta,58.57,4.03,1.73,95.35,26,26,3.38,1.14,2,5,3.81,41.13,Needs Improvement
INT-168,Intern_168,Male,HR,Karachi,88.83,2.21,3.33,97.11,17,17,2.6,3.03,0,5,4.97,58.01,Average
INT-169,Intern_169,Male,Design,Lahore,81.08,1.57,2.69,99.8,30,30,2.47,2.55,5,2,1.53,54.91,Needs Improvement
INT-170,Intern_170,Female,Engineering,Lahore,49.76,9.91,4.57,66.96,27,19,2.37,2.85,5,8,2.1,31.29,Needs Improvement
INT-171,Intern_171,Female,HR,Karachi,94.66,3.9,4.27,75.85,39,10,3.47,4.97,0,6,2.58,58.57,Average
INT-172,Intern_172,Male,Finance,Faisalabad,89.35,8.29,2.37,90.33,27,27,2.77,4.88,2,0,2.69,47.4,Needs Improvement
INT-173,Intern_173,Male,Engineering,Lahore,96.99,3.29,2.04,87.84,40,24,4.33,4.77,4,6,2.64,58.1,Average
INT-174,Intern_174,Female,HR,Multan,83.54,7.13,2.52,66.16,47,18,3.68,4.14,2,4,4.63,43.56,Needs Improvement
INT-175,Intern_175,Female,Design,Multan,76.8,7.84,3.36,92.63,41,6,1.28,2.42,9,4,3.86,42.55,Needs Improvement
INT-176,Intern_176,Female,HR,Karachi,65.09,6.36,2.07,68.98,20,13,3.56,2.65,2,1,3.43,36.95,Needs Improvement
INT-177,Intern_177,Male,Design,Quetta,95.96,5.24,3.5,68.95,34,34,2.08,3.2,9,3,2.24,49.79,Needs Improvement
INT-178,Intern_178,Male,Finance,Quetta,91.96,4.71,2.64,81.48,42,24,3.37,4.32,2,5,4.3,52.79,Needs Improvement
INT-179,Intern_179,Male,Design,Karachi,42.71,4.14,3.21,83.72,47,30,3.72,1.27,4,9,4.82,38.22,Needs Improvement
INT-180,Intern_180,Male,Engineering,Quetta,41.58,9.37,2.74,83.2,17,17,1.92,2.7,4,6,4.28,27.49,Needs Improvement
INT-181,Intern_181,Male,Finance,Faisalabad,62.59,8.48,2.18,63.66,20,5,2.83,1.33,3,4,1.01,29.81,Needs Improvement
INT-182,Intern_182,Male,Engineering,Faisalabad,88.63,9.69,4.79,95.1,31,31,1.76,3.06,0,8,3.55,48.75,Needs Improvement
INT-183,Intern_183,Female,Operations,Quetta,99.24,2.12,4.05,70.62,33,10,1.21,4.6,4,2,1.2,57.26,Average
INT-184,Intern_184,Male,Marketing,Multan,49.03,7.58,1.56,65.18,26,26,2.51,4.13,9,0,2.03,28.17,Needs Improvement
INT-185,Intern_185,Male,Design,Quetta,75.65,9.45,4.47,95.55,21,9,2.45,1.91,4,3,1.24,44.39,Needs Improvement
INT-186,Intern_186,Male,Marketing,Faisalabad,62.85,2.63,2.95,98.23,41,37,4.98,4.9,3,8,3.42,54.3,Needs Improvement
INT-187,Intern_187,Female,Marketing,Islamabad,98.19,1.6,4.58,94.49,24,18,2.79,3.67,5,3,3.75,65.26,Average
INT-188,Intern_188,Male,Design,Peshawar,90.53,7.67,4.2,92.38,25,16,2.33,1.04,9,1,1.46,49.16,Needs Improvement
INT-189,Intern_189,Male,Finance,Lahore,90.3,6.17,2.7,86.21,31,31,3.32,2.02,3,9,2.54,48.83,Needs Improvement
INT-190,Intern_190,Female,Operations,Islamabad,68.12,8.58,1.09,82.03,37,24,1.36,2.04,6,4,2.82,30.78,Needs Improvement
INT-191,Intern_191,Male,Engineering,Quetta,64.89,2.26,2.07,63.48,29,28,4.85,1.28,6,2,2.48,42.5,Needs Improvement
INT-192,Intern_192,Male,HR,Multan,56.4,8.16,3.17,76.34,42,42,3.54,4.84,1,8,1.48,38.02,Needs Improvement
INT-193,Intern_193,Male,Engineering,Karachi,43.38,2.81,3.53,74.91,19,19,4.02,2.91,2,3,2.68,41.55,Needs Improvement
INT-194,Intern_194,Male,HR,Quetta,91.88,2.47,2.03,70.39,49,29,1.68,4.58,0,5,4.0,50.11,Needs Improvement
INT-195,Intern_195,Male,Engineering,Multan,88.77,2.48,1.56,88.94,41,33,2.64,2.29,7,1,1.28,50.85,Needs Improvement
INT-196,Intern_196,Female,Design,Peshawar,99.98,8.33,4.34,79.84,42,42,2.69,1.5,8,5,1.32,49.85,Needs Improvement
INT-197,Intern_197,Female,Operations,Quetta,99.8,6.99,4.94,63.24,11,11,4.29,2.9,3,2,2.42,53.79,Needs Improvement
INT-198,Intern_198,Female,HR,Faisalabad,73.33,5.71,3.1,68.81,42,42,1.0,1.46,5,8,4.77,37.91,Needs Improvement
INT-199,Intern_199,Male,Sales,Karachi,86.14,4.23,1.69,87.33,42,27,2.2,2.94,8,1,3.67,47.43,Needs Improvement
INT-200,Intern_200,Male,Finance,Multan,96.69,8.89,2.09,63.05,22,22,4.92,4.68,5,8,3.71,45.57,Needs Improvement
